text,text_cleaned_full
cakep till,cakep till
keranjang kuningnya mana kak untuk yang ini?,kuningnya mana kak
Soldout,soldout
"""mayi mintak"" ğŸ˜­ğŸ¤ğŸ»",mayi mintak
â€œMayi cantik kan?â€ atah atah bocil wes bisa bertanya ğŸ˜­ğŸ¤ğŸ»,mayi cantik atah atah bocil wes bisa bertanya
kepo bgt adekkkkğŸ˜­ğŸ’—ğŸ’—ğŸ’—ğŸ˜­ğŸ˜­ğŸ˜­,kepo adekkkk
si blonde makin lucu aja sikğŸ˜­ğŸ˜­â¤ï¸â¤ï¸â¤ï¸â¤,si blonde makin lucu sik
LAILAHAILALLAH ğŸ˜­ğŸ˜­ğŸ˜­,lailahailallah
"buah jatuh se pohon "" nyağŸ˜­ğŸ˜­",buah jatuh se pohon nya
kamari ini bukan putih weh tapi pinkğŸ˜­ğŸ˜­ğŸ¤£,kamari bukan putih tapi pink
tiba tiba banget orang yang mungkin anda kenal ğŸ˜­ğŸ™,tiba tiba orang mungkin anda kenal
"Tbtb bgt sekarang udah bisa dandan, padahal dulu masih kecilğŸ¤",tbtb sekarang bisa dandan padahal dulu masih kecil
poninyaağŸ˜­ğŸ˜­,poninyaa
ngapainnn mayiiğŸ˜­ğŸ˜­ğŸ˜­ğŸ˜­,ngapainnn mayii
Cushion timephoria emang the besttttğŸ˜,cushion timephoria emang the bestttt
LUCU BGT ADEKK ğŸ¥ºğŸ¥º,lucu adekk
kamari: cantik kannn,kamari cantik kannn
,nan
YALLAH SEGARA PANJANGKAN PONI KAMARIğŸ˜”ğŸ¤²ğŸ»,yallah segara panjangkan poni kamari
Cushion Nya kegelapan ga sihhh??,cushion nya kegelapan sihhh
lucu bgt si pirangğŸ˜©,lucu si pirang
bayikk bikin alissğŸ˜­ğŸ˜­,bayikk bikin aliss
kamari : im just a girl ğŸ§šğŸ»â€â™€,kamari im just girl
aelahhhhhh yok mar ikuttttttt,aelahhhhhh mar ikuttttttt
LU APAIN PONI BOCIL ITU KAK JENNN?!!! KENAPA LU BUAT SUNGSANG BEGITU PONI NYA KAK JENNNNNNNğŸ˜­,lu apain poni bocil kak jennn kenapa lu buat sungsang begitu poni nya kak jennnnnnn
ğŸ˜­,
"""mayi minta""",mayi minta
aaarrgghhh mayiiiğŸ˜–ğŸ˜–,aaarrgghhh mayiii
lucuuu bangett,lucuuu bangett
poninya lama bgttt tumbuhnyaaağŸ˜­ğŸ˜­,poninya lama bgttt tumbuhnyaaa
"""mau bantu mama mikaaap""ğŸ˜­ğŸ¤£ğŸ¤£ marr gemes bgtğŸ¥°ğŸ¤£",mau bantu mama mikaaap marr gemes
mayi mintaaa ğŸ˜,mayi mintaaa
Mayi â€œ mayi mintak â€œ lucukk bgt sih,mayi mayi mintak lucukk
yaampun lucu bet poni crop top ituğŸ˜£ğŸ˜­,lucu bet poni crop top
jangan takut dess ada mayiiiğŸ™‚,jangan takut dess mayiii
HAHAHHA LUCU BGT PAS KAGET GGR MUKA KAMARI CELEMOTANğŸ˜­ğŸ˜­,hahahha lucu pas kaget ggr muka kamari celemotan
mayi gamau kalah cantik sama mamanyağŸ˜­ğŸ˜­,mayi gamau kalah cantik sama mamanya
siapa si yang motong poni kamari ğŸ˜­ğŸ˜­,siapa si motong poni kamari
lucu kamari,lucu kamari
lucu banget mayi nya ğŸ˜†ğŸ¤ğŸ¼,lucu mayi nya
sibuk banget kamari ğŸ¥°ğŸ¥°ğŸ¥°ğŸ¥°,sibuk kamari
pirang dah dewasa,pirang dah dewasa
"di aku kok timephoria cepet bgt ya ngesetnya jd agk susah mau di blend, apa kurang skinprep?",kok timephoria cepet ngesetnya agk susah mau blend apa kurang skinprep
buatin vlog kamari sendiri plisss ğŸ˜­,buatin vlog kamari sendiri plisss
poni blonde ga panjangâ€ğŸ˜­,poni blonde panjang
pirang poni crop,pirang poni crop
Btw yg motong poninya kamari siapa sih guys ??,motong poninya kamari siapa
pinter bgttt mayiiiğŸ¥°,pinter bgttt mayiii
salfok sama kamari Uda gede ajaaa,salfok sama kamari gede ajaaa
sebenernya gue anteng cuma liatin kamari till,sebenernya gue anteng cuma liatin kamari till
kamari kamu itu udh putih ğŸ˜­ğŸ˜­,kamari putih
cara mengeluarkan kamari dari layarğŸ˜­,cara mengeluarkan kamari layar
"kamari ini ibu nak,jen itu cuma tetangga kita nakğŸ˜­",kamari ibu nakjen cuma tetangga nak
Poni nya makin naikkğŸ˜­,poni nya makin naikk
mayii lu udah putihh bjirrğŸ˜­ğŸ¥°,mayii lu putihh bjirr
blonde ngalis ğŸ˜­,blonde ngalis
mayi poni nya itu siapa yang motongğŸ˜­,mayi poni nya siapa motong
ihhh mayiiku lucu bgtğŸ¤­,ihhh mayiiku lucu
"poninya kenapa gaaaa panjang"" ğŸ˜­",poninya kenapa gaaaa panjang
merk apa cushion nya,merk apa cushion nya
perasaan tadi masi 5k... UDH 13K AJA,perasaan tadi masi
buat kamari sehat selalu ya buat yang di samping nya terserah,buat kamari sehat selalu buat samping nya terserah
ii,ii
cushionnya ada dibio ku no 1ğŸ¥°u,cushionnya dibio ku no
ğŸ˜‚ğŸ˜‚,
ğŸ˜­ğŸ˜­ğŸ˜­,
Masya Allah,masya allah
blonde ga tuhğŸ˜­ğŸ˜­ğŸ˜­,blonde tuh
ğŸ¤©,
ğŸ’“ğŸ’“ğŸ’—ğŸ’—,
untung dia cakepğŸ˜­,untung cakep
ğŸ˜­,
Napa harus ada negara isriwil bang ganti nama lu,napa harus negara isriwil ganti nama lu
ganti Nick name tiktok lu,ganti nick name lu
ganti nama lu bg,ganti nama lu bg
kakkğŸ˜­ğŸ˜­ğŸ˜­,kakk
sumpah ini di story nya hubner kan,sumpah story nya hubner
what ğŸ˜,what
"D atas video in,ada video justin yg jenifer lg tdurğŸ˜‚",atas video inada video justin jenifer tdur
Org cakep mah tetap cantik ya biar mangab ğŸ¥°,org cakep mah tetap cantik biar mangab
kurang ajarğŸ˜­,kurang ajar
cakep dari mna nya yg ada irengğŸ¤£,cakep mna nya ireng
mangap aja cakepğŸ˜­,mangap cakep
ğŸ˜­,
ğŸ¤£ğŸ¤£ğŸ¤£,
ğŸ˜­,
ğŸ˜‚ğŸ˜‚ğŸ˜‚,
ğŸ˜­,
"aku kira ""pake bedak""ğŸ˜…ğŸ™ğŸ¤­",kira pake bedak
"bukannya yg bener ""pake bedak"" ya? ğŸ˜… aku dengernya juga gitu",bukannya bener pake bedak dengernya
cushionnya ada dibio ku no 1ğŸ¥°n,cushionnya dibio ku no
bagian mana itu kak,bagian mana kak
lucu jir sumpahğŸ˜­,lucu jir sumpah
MmayiiiğŸ˜,mmayiii
mayi gk poudetion mukanya dah kek poundetion,mayi gk poudetion mukanya dah kek poundetion
lucuu banget yaa kakğŸ˜­ğŸ’—,lucuu kak
@ğ“®ğ“µğ“µğ“®ğ“²ğ“·ğ“¼ğ“¸ğ“ªğ“»â™¡,
dia sudah remajağŸ˜”ğŸ’—,remaja
15 mnt,mnt
1jamğŸ˜©,jam
14minnn,minnn
yah sold out ya padahal pengen banget,sold out padahal pengen
lucuuuuuğŸ˜­,lucuuuuu
ğŸ˜­ğŸ˜­ğŸ˜­ğŸ˜‚,
ğŸ˜‚,
@Lorita Enggong II,lorita enggong ii
cool tone dia,cool tone
cushionnya ada dibio ku no 1ğŸ¥°e,cushionnya dibio ku no
aku juga cool tone tapi udah item aje,cool tone tapi item aje
lu kira petrik ğŸ—¿,lu kira petrik
ngakakğŸ˜‚ğŸ˜‚ğŸ˜‚,ngakak
orange,orange
bayi stroberi dia kak,bayi stroberi kak
pink gitu dia segerğŸ¤£ğŸ¤£,pink seger
ya kan gua liatin dia pink,gua liatin pink
T,
poninya panjang sbelahhğŸ˜­ğŸ˜­ğŸ¤­ğŸ¤­,poninya panjang sbelahh
kelakuan s jeni noh,kelakuan jeni noh
pantesanğŸ˜­ğŸ˜­,pantesan
Kakk inget â€œyang mungkin anda kenalâ€ bukan â€œyang mungkin kenal andaâ€ğŸ˜­,kakk inget mungkin anda kenal bukan mungkin kenal anda
ğŸ˜­ğŸ˜­,
HAH?,hah
HAHAHAHA,hahahaha
ğŸ˜­ğŸ˜­,
bisa ajğŸ˜­,bisa aj
Kakâ˜¹,kak
ğŸ—¿,
mana iya lagiiğŸ˜­,mana iya lagii
loh kamu juga? kirain cuma aku aja,kirain cuma
samaaa,samaaa
emang kita yang kenal ka tapi jenifernya yang ga kenalğŸ˜­,emang kenal ka tapi jenifernya kenal
iyaa plis d aku juga gituğŸ˜­,plis
sama plis,sama plis
samaaağŸ˜­ğŸ˜­,samaaa
SamağŸ˜­ğŸ™ğŸ»,sama
Iyah ih aku juga gitu,iyah ih
sama kak ğŸ˜,sama kak
iya lagi,iya lagi
SAMAAA,samaaa
bener bgtt,bener bgtt
Ingat @Mamanya kamari,ingat mamanya kamari
life must goes on hhhhhğŸ’ƒ,life must goes on hhhhh
gush gt lh dia pgn bhg dlu gush d bikn nangis' trs,gush gt lh pgn bhg dlu gush bikn nangis
"inget la dia, dia ga amnesia jir",inget la amnesia jir
si tll,si tll
apa maksud lo ? lu mau dia nangis setiap hari sampe gila??,apa maksud lo lu mau nangis setiap hari sampe
Ga usah komen disini dah sibuk bgt hahah,usah komen disini dah sibuk hahah
"Gausah ngetag gitu pls, relain aja ya",gausah ngetag relain
Gile luu ğŸ¤£,gile luu
Di awal dia ngmng pph ga si ketika ngmng pante ? Atau salah denger,awal ngmng pph si ketika ngmng pante salah denger
Trs knpa kocak?,knpa kocak
Ya terus kamu ngapain komen kocak,terus ngapain komen kocak
(Ya Allah) bukan Yallah,allah bukan yallah
typo,typo
aahğŸ˜­,aah
ğŸ˜‚,
ğŸ˜‚ğŸ˜‚,
ğŸ˜­,
Mending co timephoria apa shine russia??,mending co timephoria apa shine russia
timephoria plisss bagus bgttğŸ˜,timephoria plisss bagus bgtt
Makasih kak sarannyaa ğŸ¤—,kak sarannyaa
Timephoria sih menurutku yahğŸ˜Š,timephoria menurutku
Makasih kak sarannya ğŸ¤—,kak sarannya
"setuju!!! guele jugakkkkkkkkkkk
timephoria blm ada refilnya ğŸ˜ sedih bgt",setuju guele jugakkkkkkkkkkk timephoria blm refilnya sedih
mending mana sama Make over? kulit kering,mending mana sama make over kulit kering
"Saran sih kak, mending cobain dulu timephoria karna dia coverage bgt trus menyesuaikan tekstur kulit juga mau kering,oily dll tetap matte dan flawles",saran kak mending cobain dulu timephoria karna coverage menyesuaikan tekstur kulit mau keringoily dll tetap matte flawles
timephoria atau something kak,timephoria something kak
timephoria or skintific kak ? ğŸ¥¹,timephoria or skintific kak
"Aku udah pernah pake skintific juga sih,tapi waktu aku timpa bedak padat gitu eh ngecrack,jadi aku beralih ke timephoria sih kak ini menurut kulitku yah kk,gak tau kulit kk nyağŸ™",pernah pake skintific sihtapi waktu timpa bedak padat ngecrackjadi beralih timephoria kak menurut kulitku kkgak tau kulit kk nya
Aku gak pernah coba guele jadi aku gak tau kualitasnya kakğŸ˜,pernah coba guele tau kualitasnya kak
Bner yaaa???? Klo ku lot kering gmn???,bner yaaa ku lot kering gmn
emang kan j3n suka kulit agak gelap wkwk,emang jn suka kulit agak gelap
kek nya tone kulit jen udah mulai balik putih lagi deh,kek nya tone kulit jen mulai balik putih lagi
Iya jen tuh sukanya item tpi kulit aslinya putihğŸ¤£,iya jen tuh sukanya item tpi kulit aslinya putih
aku jg gtu tauğŸ˜­nyamain sama warna tangan,gtu taunyamain sama warna tangan
KIRAIIN AK AJA YG GINIğŸ˜­,kiraiin ak gini
aku putih tangan dari muka tolongğŸ˜­,putih tangan muka tolong
samaa pliss kalo ngikutin warna asli muka kalo foto keliatan tangannya kek gelap bgtt ni tanganğŸ˜­,samaa kalo ngikutin warna asli muka kalo foto keliatan tangannya kek gelap bgtt ni tangan
tapi cocok bngt di mamarii,tapi cocok bngt mamarii
emang dia suka yang tone gelap,emang suka tone gelap
emg snegaja kampung biar tan skin,emg snegaja kampung biar tan skin
ğŸ˜³ğŸ˜ğŸ˜ğŸ˜ğŸ˜ğŸ˜‚ğŸ˜‚ğŸ˜‡ğŸ˜‡ğŸ˜‡ğŸ˜‡,
heh,heh
cushionnya ada dibio ku no 1ğŸ¥°i,cushionnya dibio ku no
mak nya anjirğŸ˜­,mak nya
ğŸ˜­ğŸ˜­,
"itu yang sibuk nepok"" muka kaağŸ˜­",sibuk nepok muka kaa
kelakuan jen tu ğŸ˜ ponakan gua jd sebelah poni nya,kelakuan jen tu ponakan gua sebelah poni nya
siapa lagi kalo bkn si jeniğŸ˜­ğŸ˜­ğŸ˜­,siapa lagi kalo bkn si jeni
Mayi cantik Kan??ğŸ˜­,mayi cantik
lucuu tapii kayaaa beda ajaa ğŸ˜­,lucuu tapii kayaaa beda ajaa
blonde gueeeeğŸ˜ğŸ™Œ,blonde gueeee
mayiiii,mayiiii
Bagus gk gays alis aku ğŸ˜­ğŸ˜­,bagus gk gays alis
lucu bangetğŸ˜­ğŸ˜­ğŸ¤ğŸ»,lucu
"""mintakkkk""",mintakkkk
gemesnya,gemesnya
blonde alamiğŸ˜­ğŸ’“,blonde alami
kamari: ayu tenan aku rek,kamari ayu tenan rek
"""mayi minta"" ğŸ¥°",mayi minta
"Salfok, itu lemari bajunya rapih banget beresinnya sesuai warnağŸ¥°",salfok lemari bajunya rapih beresinnya sesuai warna
LUCU BGTT MAYII ğŸ˜£ğŸ¤,lucu bgtt mayii
"poni nya ga panjang"" ğŸ˜­ğŸ˜­",poni nya panjang
"liat Jen â
liat kamari âœ…",liat jen liat kamari
kamariiiii cantiknyaaaa â¤ï¸â¤ï¸â¤ï¸â¤ï¸â¤ï¸â¤,kamariiiii cantiknyaaaa
lucu bngett kamu kamari...gemesss amatt..ğŸ¥°ğŸ¥°ğŸ¥°,lucu bngett kamarigemesss amatt
mayiii minta ğŸ˜­ğŸ¤£,mayiii minta
YAAMPUN MAYIII KM LUCUU BANGETTT,mayiii km lucuu bangettt
kamari fans aku,kamari fans
mayi blonde dpt dr syp sih sbnr ny?,mayi blonde dpt syp sbnr ny
aaaaa mayiii udaa pinter bgt yaa sekarang ğŸ¥ºğŸ¥º,aaaaa mayiii udaa pinter sekarang
YAAMPUN ADIKKKK,adikkkk
"kak, kak justin hubner masuk di lks aku ğŸ¤©",kak kak justin hubner masuk lks
uda lancar bgt ngomongnyaa ğŸ˜­ğŸ˜­,lancar ngomongnyaa
"bikin lagi aja Jen, mayi buat gue",bikin lagi jen mayi buat gue
boleh liat story gw gakğŸ™ğŸ™,boleh liat story gw
pls bagian itu sweet bangetğŸ¥º,bagian sweet
@teni,teni
cushion nya di bioku no 1ğŸ¥°ğŸ¥°u,cushion nya bioku no
Jen you know sungsang ? @Mamanya kamari ğŸ˜­,jen you know sungsang mamanya kamari
cushionnya ada dibio ku no 1ğŸ¥°g,cushionnya dibio ku no
udah lama tau,lama tau
"ngatur""",ngatur
YOU SAID SUNGSANGğŸ˜ŒğŸ˜ŒğŸ˜ŒğŸ˜Œ,you said sungsang
Sungsang anjjğŸ˜­,sungsang anjj
itu poni crop top kak kata mama JennğŸ˜­ğŸ˜­,poni crop top kak kata mama jenn
ğŸ˜‚ğŸ¤£ğŸ˜…,
ğŸ˜‚ğŸ¤£,
cushion nya di bioku no 1ğŸ¥°ğŸ¥°i,cushion nya bioku no
cushionnya ada dibio ku no 1ğŸ¥°j,cushionnya dibio ku no
cushion nya di bioku no 1ğŸ¥°ğŸ¥°w,cushion nya bioku no
cushion nya di bioku no 1ğŸ¥°e,cushion nya bioku no
cushion nya di bioku no 1ğŸ¥°g,cushion nya bioku no
mak nyaa sendiri wkwkwk,mak nyaa sendiri
cushion nya di bioku no 1ğŸ¥°i,cushion nya bioku no
cushion nya di bioku no 1ğŸ¥°ğŸ¥°j,cushion nya bioku no
cushion nya di bioku no 1ğŸ¥°o,cushion nya bioku no
cushion nya di bioku no 1ğŸ¥°h,cushion nya bioku no
Gabakal ad yg berani potong poni mayi sampe kek gt klo bukan emak nya ğŸ˜‚ğŸ˜‚,gabakal ad berani potong poni mayi sampe kek gt bukan emak nya
ğŸ¤£ğŸ¤£,
cushionnya ada dibio ku no 1ğŸ¥°y,cushionnya dibio ku no
emaknya yg potong kak ğŸ˜­ğŸ˜­,emaknya potong kak
ğŸ˜­ğŸ˜­,
ğŸ˜»,
LAILAHAILLAH ğŸ˜­,lailahaillah
"kak ijin koreksi, lailahailallah yg bener, jngn di ptong nnti beda arti",kak ijin koreksi lailahailallah bener jngn ptong nnti beda arti
IYAA KAKK MAKSDNYA ITUğŸ˜­,kakk maksdnya
kmu juga cantik dekğŸ¤­,kmu cantik dek
cushionnya ada dibio ku no 1ğŸ¥°ğŸ¥°i,cushionnya dibio ku no
Timephoria,timephoria
thimeporia,thimeporia
cushion nya di bioku no 1ğŸ¥°ğŸ¥°h,cushion nya bioku no
yailah pirang udah bjsa diajak dandanğŸ˜­ğŸ˜­ğŸ˜­ğŸ¤ğŸ»,yailah pirang bjsa diajak dandan
Poni awetttt bener mayiiğŸ˜‚,poni awetttt bener mayii
"""PAKE BEDDA""
Ihhhh lucu naaaaa mayiii kuu""ğŸ¤ğŸ»ğŸ˜­",pake bedda ihhhh lucu naaaaa mayiii kuu
kok udh gedee siiğŸ˜­ğŸ¤,kok gedee sii
gemees banget c mayiiğŸ¥°,gemees mayii
mayi kamu g perlu pake bedak...ğŸ˜­ğŸ˜­ğŸ˜­udh glowing dr orokğŸ˜‚ğŸ˜‚ğŸ˜‚,mayi perlu pake bedakudh glowing orok
sama jirrğŸ˜­ğŸ‘Š,sama jirr
Sama kağŸ˜‚ğŸ˜‚ğŸ˜‚,sama ka
iyaaağŸ˜­,iyaaa
samağŸŒš,sama
artnya mama kamari rumah/dia sering ada di sekitar km kak,artnya mama kamari rumahdia sering sekitar km kak
sama,sama
ğŸ˜,
ğŸ˜‚,
sekarang 10 RB lebih,sekarang rb lebih
skrg udh 18rb,skrg rb
skrg 19rb,skrg rb
64rb,rb
74rb,rb
"106,7rb",rb
cushioonnya ada dibioku no 1ğŸ¥°g,cushioonnya dibioku no
cushion nya di bioku no 1ğŸ¥°oo,cushion nya bioku no oo
cushionnya ada dibio ku no 1ğŸ¥°ğŸ¥°gf,cushionnya dibio ku no gf
@Catatansenja ğŸ¤£ğŸ¤£ğŸ¤£,catatansenja
ğŸ˜­ğŸ˜­ğŸ˜­kak,kak
namanya aja Baby Kepo ğŸ˜„,namanya baby kepo
dari neneknya jenifer,neneknya jenifer
cushionnya ada dibio ku no 1ğŸ¥°ğŸ¥°m,cushionnya dibio ku no
ğŸ˜‚,
aku yg ngajarin ka,ngajarin ka
cushion nya di bioku no 1ğŸ¥°ğŸ¥°a,cushion nya bioku no
Siapa kmu nyuruh nyuruh,siapa kmu nyuruh nyuruh
Gak,
'mayi minta' gemes bgt adeeğŸ¥ºğŸ’—,mayi minta gemes adee
mamariii tuu aslinya putihh yaağŸ˜­,mamariii tuu aslinya putihh
â€œmayi mintakâ€ lucu bgt mayiğŸ¥°ğŸ˜š,mayi mintak lucu mayi
mayi ga mau bgt kesaingğŸ˜­,mayi mau kesaing
"""gua mintakğŸ˜­"" kamari",gua mintak kamari
ihh lucu banget kamari ğŸ˜­,ihh lucu kamari
"terngiang-ngiang "" jangan takut ada mayyiiiii""",terngiangngiang jangan takut mayyiiiii
GEMES BNR SI MAYII BNRâ€™ YA ALLAHğŸ˜­â¤,gemes bnr si mayii bnr allah
"poni si blonde engga lu potong lagi kan til, kok engga panjang panjangğŸ˜­",poni si blonde engga lu potong lagi til kok engga panjang panjang
di zoom coba kaaağŸ¤£ğŸ¤£,zoom coba kaaa
cushion nya di bioku no 1ğŸ¥°s,cushion nya bioku no
KO UDA GEDE AJAA SIIIII ADEKKKğŸ¥ºğŸ¥ºğŸ’•ğŸ’•,ko gede ajaa siiiii adekkk
siapapun mmpir vt ku dongs,siapapun mmpir vt ku dongs
"ihhh, sekarang kamari gembul bgt jadi lucuuuu",ihhh sekarang kamari gembul lucuuuu
Mayi catik kan?ğŸ¤ğŸ»ğŸ¤ğŸ»,mayi catik
"yaallah poni nyaa, mengingatkan ku waktu motong rambut Berbie pas masih kecil ğŸ˜­ğŸ¤£",yaallah poni nyaa mengingatkan ku waktu motong rambut berbie pas masih kecil
yaa ampun mayiiuuuu ğŸ˜»â¤,mayiiuuuu
hy kamariâ¤ï¸â¤ï¸â¤,hy kamari
"mayi udah pintar ngomong yah, bikin gemes ğŸ¥°",mayi pintar ngomong bikin gemes
langsung jadi MUA aja mayi ğŸ¥°,langsung mua mayi
adeeekkk ğŸ¤­ğŸ¤­ğŸ’‹,adeeekkk
"""oke, mayi minta"" gemoy bgt woiğŸ¥°",mayi minta gemoy woi
gemesss bngtt mayiiiğŸ¤ğŸ»ğŸ˜,gemesss bngtt mayiii
ehhh mayiii lucuu bgttğŸ˜˜ğŸ˜˜ğŸ˜˜ğŸ˜˜,ehhh mayiii lucuu bgtt
kamrii,kamrii
lucu bgtttt ciiiiiii yampun nanti aku sma ank aku mau kaya gini jgaaağŸ¥°,lucu bgtttt ciiiiiii yampun nanti sma ank mau kaya gini jgaaa
Mayii yaampun makin capetang aja alias udah jago ngomongğŸ˜­ğŸ˜â¤â¤â¤,mayii makin capetang alias jago ngomong
poni nyağŸ˜­,poni nya
gemes bgt nyanyi ğŸ˜lucucu,gemes nyanyi lucucu
poni mu mari plissssğŸ˜­,poni mu mari plissss
itu poninya sarimi lu apain jenğŸ˜­,poninya sarimi lu apain jen
Putihan kulitnya drpd cushionnyağŸ˜­,putihan kulitnya drpd cushionnya
"""pake beda"" ğŸ˜­",pake beda
""" mayi cantik kan""ğŸ¤ğŸ˜­ğŸ˜­",mayi cantik
mayii,mayii
"""Pakai bedakğŸ˜­"" tau bgt ih gemesssğŸ’–ğŸ¥°",pakai bedak tau ih gemesss
â€œmayi cantik kanâ€ğŸ˜­,mayi cantik
poni nya mayi siapa yg potongin ğŸ˜­ğŸ˜­ğŸ˜­,poni nya mayi siapa potongin
demi apa pinter banget kamari,demi apa pinter kamari
ğŸ˜­â¤,
adekkğŸ¥°ğŸ¥°,adekk
cantik kan gesss?,cantik gesss
"masih GK rela poni nyağŸ˜­,,",masih gk rela poni nya
poninyağŸ˜­,poninya
GEMESSS ğŸ˜«ğŸ˜«,gemesss
"""mah minta"" LUCU BGTTğŸ’•",mah minta lucu bgtt
mayiiiii...ğŸ¤©,mayiiiii
"kak gue mimpiin Lo terus tau gakğŸ˜­ğŸ˜­
gara"" sering nonton kamu",kak gue mimpiin lo terus tau gara sering nonton
Gemesss adekkk...ğŸ¥°ğŸ¥°ğŸ¥°,gemesss adekkk
lucu banget mayi ğŸ˜,lucu mayi
mayii km sadar ga kalo km gemesin ğŸ˜Œ,mayii km sadar kalo km gemesin
lailahailallah gemeshnyağŸ’—ğŸ’—,lailahailallah gemeshnya
Mayiiii,mayiiii
cantik naturalll lucuuuu imutt kayaa kaka sama adik[drool],cantik naturalll lucuuuu imutt kayaa kaka sama adikdrool
mamari sekarang jdi balik lagi putihhhğŸ˜ğŸ˜â¤ï¸â¤ï¸â¤ï¸ğŸ¥°ğŸ«¶ğŸ«¶,mamari sekarang jdi balik lagi putihhh
Cantik banget jenniferğŸ¥°,cantik jennifer
ğŸ˜­ğŸ˜­ğŸ˜­ğŸ˜­ğŸ˜­ğŸ˜­ğŸ˜­ mayi,mayi
Lucu bangetğŸ˜­ğŸ˜­ğŸ˜­,lucu
itu shadeny g ke gelapan ??,shadeny gelapan
LUCU HEH,lucu heh
BOCILKU UDH BISA NGALAHIN EMAKK NYAAA,bocilku bisa ngalahin emakk nyaaa
kamariii sapaaaaa aku plisssssğŸ¥¹ğŸ¥¹ğŸ’‹ğŸ’‹,kamariii sapaaaaa plisssss
â€œMAYII CANTIK KAN??â€,mayii cantik
siapa yg potong poni mayiğŸ˜­,siapa potong poni mayi
Sebelum ribuan,sebelum ribuan
ka jen kalo bales aku jungkir balikk dehğŸ¥°ğŸ˜…,ka jen kalo bales jungkir balikk
blonde otw jadi mua omg so cute!ğŸ˜ğŸ˜,blonde otw mua so cute
DWAAAAA TAONNNNNNNNâ˜º,dwaaaaa taonnnnnnnn
absen sebulum ribuan,absen sebulum ribuan
cushion nya di bioku no 1ğŸ¥°f,cushion nya bioku no
iya ngikutin jejak gua kanğŸ™ğŸ»,iya ngikutin jejak gua
cushion nya di bioku no 1ğŸ¥°ğŸ¥°srt,cushion nya bioku no srt
cushion nya di bioku no 1ğŸ¥°ğŸ¥°o,cushion nya bioku no
cushion nya di bioku no 1ğŸ¥°ğŸ¥°e,cushion nya bioku no
cushion nya di bioku no 1ğŸ¥°w,cushion nya bioku no
emakk nyaa tuu,emakk nyaa tuu
mintaaaa???ğŸ˜­ğŸ˜­ğŸ˜­ğŸ˜­,mintaaaa
poninyaaa imuttt btw kokk cropt toppğŸ˜­ğŸ˜­ğŸ˜­ tapi tetep lucuu koo,poninyaaa imuttt kokk cropt topp tapi tetep lucuu koo
JeniğŸ¤«ğŸ¤«ğŸ¤«ğŸ¤«,jeni
senang deh liat mamari bahagia ğŸ˜ğŸ¥°,senang liat mamari bahagia
pasti hasilnya bagus banget,pasti hasilnya bagus
lucu amatt bayikk,lucu amatt bayikk
Mayii dan mama gemazâ¤,mayii mama gemaz
mayyyiiiii ğŸ¥°ğŸ˜˜ğŸ˜,mayyyiiiii
sehat selalu yh kalianğŸ¥°,sehat selalu yh kalian
ğŸ¥°cu bangetğŸ¥º,cu
poninyağŸ˜‚ğŸ˜‚ğŸ˜‚,poninya
shadenya kaya kegelapan mamayi,shadenya kaya kegelapan mamayi
"That ""wahh.. duhh..""ğŸ˜­",that wahh duhh
translate nyaağŸ¤­,translate nyaa
"Pantesan makin makin rejeki lu till, yang hujat sekebonnnğŸ˜­ğŸ˜­ğŸ¥°",pantesan makin makin rejeki lu till hujat sekebonnn
lancar banget bhs inggris nyağŸ˜­,lancar bhs inggris nya
PoninyaaaaağŸ˜­ğŸ˜­ğŸ˜­ko lama bener panjangnya sih tillğŸ˜©,poninyaaaaako lama bener panjangnya till
poni gitu aja dah cakep benerğŸ¥°,poni dah cakep bener
masih ngakak poni kamariğŸ˜­ğŸ˜­ğŸ˜­ğŸ˜­ğŸ˜­,masih ngakak poni kamari
GEMESS BGT ADEK,gemess adek
mayiii kamu lucuuu,mayiii lucuuu
omgg dia makin besar makin pinterrğŸ¥ºğŸ˜˜ğŸ˜­,omgg makin besar makin pinterr
cute baby ğŸ’•ğŸ“ğŸ¤,cute baby
KO BISAğŸ˜­ğŸ¤ğŸ»,ko bisa
poninyaağŸ˜­ğŸ˜­,poninyaa
jangan pindah ke Belanda plisğŸ˜­,jangan pindah belanda plis
tadi kamari nyanyi apa sih,tadi kamari nyanyi apa
mereka sebahagia gini di hujatğŸ¥¹,sebahagia gini hujat
nyanyii apaa mayiiğŸ˜­,nyanyii apaa mayii
Tutor ngambil hak asuh kamari,tutor ngambil hak asuh kamari
mayi udah gadis ajaa,mayi gadis ajaa
lucu banget mayi nya kak bisa di beli ga soalnya lucu bangetğŸ¥°ğŸ¥°ğŸ¥°,lucu mayi nya kak bisa soalnya lucu
ih aku pertama,ih pertama
LUCU AMAYY MAYIIğŸ˜ğŸ¥°ğŸ¥°,lucu amayy mayii
gemesss bngtt ihğŸ˜­,gemesss bngtt ih
ceperr bgt poninyağŸ˜­,ceperr poninya
mayiii dengan poni crop top nyğŸ˜­,mayiii poni crop top ny
mayi poni nyağŸ˜­ğŸ˜­,mayi poni nya
mayiii gmes bgttsğŸ˜­ğŸ˜­ğŸ¤ğŸ»,mayiii gmes bgtts
timephoria memang sebagus itu,timephoria memang sebagus
kangen kamari waktu muda,kangen kamari waktu muda
"yaampun beruntungnya kamu jen punya kamari, masih ada kamari yang akan selalu ada disisimu dalam keadaan apapun nantinya Insya Allah jennnğŸ¥ºğŸ¤ bersyukur terus ya jennn bahagia selalu kaliann, selalu ngerasa seneng liat kalian kayak saling melengkapii, lucuuu hahahah",beruntungnya jen punya kamari masih kamari selalu disisimu keadaan apapun nantinya insya allah jennn bersyukur terus jennn bahagia selalu kaliann selalu ngerasa seneng liat kalian kayak saling melengkapii lucuuu hahahah
kamariğŸ’–ğŸ’–ğŸ’–ğŸ’–ğŸ’–,kamari
suka bgtt gw liat kamari ngomong gemesssğŸ˜­ğŸ’—,suka bgtt gw liat kamari ngomong gemesss
mayi side 00 nakğŸ˜­,mayi side nak
ko bisa poni nya pendek banget kamari ğŸ˜­,ko bisa poni nya pendek kamari
follback jen,follback jen
"""mau mintak""
""mayi cantik kan""
candu banget mayiiiiâ˜º",mau mintak mayi cantik candu mayiiii
Plisss poninya kenapa gak panjangâ€ğŸ˜­ğŸ˜­ğŸ˜­ğŸ˜­,plisss poninya kenapa panjang
pastiii mayiii wangiiiii bangetttttğŸ’—ğŸ’—ğŸ’—ğŸ’—ğŸ’—ğŸ¤­ğŸ¤­ğŸ¤­,pastiii mayiii wangiiiii bangettttt
MayiiiğŸ¤ğŸ¼,mayiii
til lu doang yg nyari shade lebih gelap dari kulit. disaat gue nyari yg lebih terang uhuhuhuhu,til lu doang nyari shade lebih gelap kulit disaat gue nyari lebih terang uhuhuhuhu
"""mayi mita"" CUU BANGETTT LU BAYII BLONDEE OMAYGATTTTğŸ¥°ğŸ¥°ğŸ¥°",mayi mita cuu bangettt lu bayii blondee omaygatttt
mayi siapa yang bertanggung jawab atas ponimu.ğŸ˜­ğŸ˜­,mayi siapa bertanggung jawab atas ponimu
NGAKAK BGT TIAP LIAT PONI CROP TOP MAYIIğŸ˜­,ngakak tiap liat poni crop top mayii
Blonde ni mukanya netherland banget ya,blonde ni mukanya netherland
mkin besar mirip ppanya bgtğŸ¥°,mkin besar mirip ppanya
ğŸ˜ğŸ˜… Makin lucu ğŸ˜ŒğŸ˜‚,makin lucu
"""mayi tantick kan"" lucuuu",mayi tantick lucuuu
pencarian gw mayi ngomong inggris,pencarian gw mayi ngomong inggris
itu adiknya ya bunn,adiknya bunn
mayi kamu udah geede ajağŸ˜­ğŸ¥°,mayi geede
cushion nya di bioku no 1ğŸ¥°ğŸ¥°m,cushion nya bioku no
mintaaa ğŸ˜­ğŸ¤ğŸ»,mintaaa
Mayiiiiiiiii,mayiiiiiiiii
"jeeeeen, hair cutmu namae opooo?",jeeeeen hair cutmu namae opooo
comel bangett sihh mayiiğŸ¥°ğŸ¥°ğŸ¥°,comel bangett sihh mayii
cushion nya di bioku no 1ğŸ¥°ğŸ¥°x,cushion nya bioku no
,nan
cushion nya di bioku no 1ğŸ¥°ğŸ¥°v,cushion nya bioku no
cushion nya di bioku no 1ğŸ¥°ğŸ¥°y,cushion nya bioku no
"""mayi minta"" ğŸ˜­",mayi minta
cushion nya di bioku no 1ğŸ¥°ğŸ¥°g,cushion nya bioku no
sumpah tetanggaku mirip kamari bgtğŸ˜­ğŸ˜­,sumpah tetanggaku mirip kamari
mayii ğŸ¥º,mayii
lucuu bgtt mayiiiğŸ¥°,lucuu bgtt mayiii
lucunya mayiiğŸ˜,lucunya mayii
lucuu polll,lucuu polll
Pas said Bedak ny medok bgt â¤ï¸ğŸ¥°masyaAllah Mayi dah gede,pas said bedak ny medok masyaallah mayi dah gede
mayi tau aja kalo mamanya cantikğŸ¤©,mayi tau kalo mamanya cantik
bare facenya cantik bgt Jen ğŸ¥°,bare facenya cantik jen
gemesnyaaaahhhh,gemesnyaaaahhhh
ih ucu bgt dedekkğŸ˜˜ğŸ˜˜,ih ucu dedekk
lucu banget adekkğŸ¤ğŸ»,lucu adekk
poni crop top nya lucuu bgtttğŸ˜»ğŸ¤ğŸ»,poni crop top nya lucuu bgttt
Info balap,info balap
"bocil paling lucu,dah mahir ngomong ğŸ¤—",bocil paling lucudah mahir ngomong
makin gede makin pintar aja bayi yang satu iniğŸ˜­ğŸ¤ğŸ»,makin gede makin pintar bayi satu
udh bisa dandan sendiri mayi ğŸ˜­,bisa dandan sendiri mayi
â€œmayi mintağŸ«´ğŸ½â€,mayi minta
cushion nya di bioku no 1ğŸ¥°ğŸ˜,cushion nya bioku no
"""mayi tantik kann "" ya Alloh gemes nya ğŸ˜­ğŸ¥º",mayi tantik kann alloh gemes nya
kulit lu jadi naturalğŸ˜Œjadi pengen,kulit lu naturaljadi pengen
â€œMayi mintaâ€ğŸ¤­,mayi minta
AAHHHKK GEMAS SEKALI ADEğŸ˜,aahhhkk gemas sekali ade
MayiğŸ¤—,mayi
kulit jen keknya mulai memutih lagi balik ke kulit aslinya karena disana ga sepanas bali keknya ğŸ˜‚ğŸ˜‚,kulit jen keknya mulai memutih lagi balik kulit aslinya disana sepanas bali keknya
aduh adek mayi pinter bangett,aduh adek mayi pinter bangett
gemes bgtt,gemes bgtt
"hah, orang yang mungkin anda kenalğŸ˜³ğŸ˜³",hah orang mungkin anda kenal
ğŸ§’ğŸ¼: mama cantikanğŸ¤ğŸ» ğŸ‘©ğŸ»: mayi cantikğŸ˜­ğŸ˜‚,mama cantikan mayi cantik
maap mayi ğŸ˜­ğŸ˜­,maap mayi
"""Mayi cantik ga?"" ğŸ˜­ğŸ˜­",mayi cantik
mintaaağŸ˜‚ğŸ¤£ğŸ¤£,mintaaa
kapan ya poni croptopnya panjang?,kapan poni croptopnya panjang
dia pake cushion pake shade yg lebih gelapğŸ˜­,pake cushion pake shade lebih gelap
geoll geoll lahh diaaağŸ¤£ğŸ¤£ğŸ¥°,geoll geoll diaaa
makin pinter aj lu mayiğŸ˜­ğŸ’—ğŸ’—ğŸ’—,makin pinter aj lu mayi
lucuğŸ˜½,lucu
lucuu bangett kamayiiğŸ¤ğŸ˜«,lucuu bangett kamayii
si Marsha uda gede aja ğŸ˜­,si marsha gede
pinter bngt mayiiiğŸ¥°,pinter bngt mayiii
aaaakkkk lucu banget mayiii,aaaakkkk lucu mayiii
cushionnya ada dibio ku no 1ğŸ¥°ğŸ¥°e,cushionnya dibio ku no
cushion nya di bioku no 1ğŸ¥°ğŸ¥°s,cushion nya bioku no
SAMA JUSAAA,sama jusaaa
ditunggu video unboxing nya kaaağŸ¥³,ditunggu video unboxing nya kaaa
mayi mintağŸ¤,mayi minta
poni nya crop topğŸ¥°,poni nya crop top
tuh poni lama bgt sh panjangnya ğŸ˜­,tuh poni lama sh panjangnya
menit semua komen nya jier,menit semua komen nya jier
"sebelum rame,",sebelum rame
"semalem mimpi kerumah mamari, trs curhat sambil nangisâ€™ ğŸ˜­ğŸ˜­ğŸ˜­",semalem mimpi kerumah mamari curhat sambil nangis
MAYI : YAAAAHHHH MINTAAAA ğŸ«´,mayi yaaaahhhh mintaaaa
LucukkkkkkkğŸ¤ğŸ»,lucukkkkkkk
Maiiii bisa,maiiii bisa
"sehat-sehat mayiâ˜ºï¸â˜º
yang pacar nya Justin terserah ğŸ™„",sehatsehat mayi pacar nya justin terserah
"19 menit yg lalu udh puluhan ribu ğŸ¥° yg like
sht"" cute girl ğŸ˜",menit lalu puluhan ribu like sht cute girl
mamari aslina putih tp ko shades cushion nya aga gelap ya . beda ama gw kulit gelap shades cushion pilih lebih putihğŸ˜­,mamari aslina putih ko shades cushion nya aga gelap beda ama gw kulit gelap shades cushion pilih lebih putih
madrid or barca mamariiiiiiiii?!,madrid or barca mamariiiiiiiii
till jangan potongg lagi ponii mayiiiğŸ¤,till jangan potongg lagi ponii mayiii
haha,
so cutee mayii,so cutee mayii
aaaa so cutee ğŸ˜­ğŸ’—,aaaa so cutee
soon ky gni,soon ky gni
poninya sii blonde lama amat panjangnyağŸ˜­,poninya sii blonde lama amat panjangnya
iii gemess,iii gemess
panjangin please poninya ğŸ˜­ğŸ˜­ğŸ˜­,panjangin please poninya
"pinternyaa mayiiiğŸ˜µğŸ˜½
terlalu lucuu ihhhğŸ‘¶ğŸ’‹",pinternyaa mayiii terlalu lucuu ihhh
"""mayi minta"" arghhhh gemesss bangetttğŸ¤ŒğŸ»ğŸ¤ŒğŸ»ğŸ¤ŒğŸ»ğŸ¤ŒğŸ»ğŸ¤ğŸ»ğŸ¤ğŸ»ğŸ¤ğŸ»ğŸ¤ğŸ»",mayi minta arghhhh gemesss bangettt
adek lucuuu amay,adek lucuuu amay
"til, mayi buat aku aja so cute ğŸ˜­",til mayi buat so cute
Mar gw pantau poni croptop elu blm panjang jg marğŸ˜­ğŸ˜­,mar gw pantau poni croptop elu blm panjang mar
"tambah lucu aja Nui bocil, sehat trus kamariğŸ¥°",tambah lucu nui bocil sehat kamari
"mayi mau gmna pun ttep lucu, poninya begitu aja masi kliatan lucuğŸ˜­",mayi mau gmna pun ttep lucu poninya begitu masi kliatan lucu
mayi dan poni croptop nyaağŸ¥°ğŸ¥°,mayi poni croptop nyaa
â€œmayi cantik kan?â€ CANTIK KO MAYIIğŸ¤ğŸ»ğŸ¤ğŸ»ğŸ˜µğŸ˜µ,mayi cantik cantik ko mayii
till lu nnti klo poni kmri uda pnjng jgn lu lg yg potongğŸ˜­ğŸ™ğŸ»,till lu nnti poni kmri pnjng jgn lu potong
dia bule bngeett tpi jarang ngomong bhs Inggris....,bule bngeett tpi jarang ngomong bhs inggris
jenn req lu ganti warna rambut jd blondee jugaaaa,jenn req lu ganti warna rambut blondee jugaaaa
YAAAELAAHHH UDHH GEDEEE BGTTğŸ˜­ğŸ˜­ğŸ˜­,yaaaelaahhh udhh gedeee bgtt
â€œMayi tantikkanâ€ aaa gemezz bgtğŸ˜«,mayi tantikkan aaa gemezz
si poni crop top itu lgiiğŸ¤ğŸ»,si poni crop top lgii
yaallah kamariğŸ˜­,yaallah kamari
mayiii ğŸ¥°ğŸ¥°ğŸ¥°ğŸ¥°ğŸ¥°,mayiii
Tambah lucu aja bayi bule satu ini ğŸ˜,tambah lucu bayi bule satu
tau kn kalian yg mana MUA nyağŸ˜­,tau kn kalian mana mua nya
Adek mayi mau punya adek lgi ga,adek mayi mau punya adek lgi
yg potong poni nya mayi siapa si ? ğŸ™ğŸ˜‚,potong poni nya mayi siapa si
tuh poni lama bgt panjang nyağŸ˜­ğŸ˜­,tuh poni lama panjang nya
â€œmayi mintaâ€ğŸ¤ğŸ»ğŸ¤ğŸ»ğŸ¤ğŸ»ğŸ˜­ğŸ˜­ğŸ˜­,mayi minta
MayiiiiiğŸ˜­,mayiiiii
Lucu sekali kamayiğŸ˜ğŸ˜,lucu sekali kamayi
"""mayi cantik kan?!""",mayi cantik
akayyğŸ¤£ğŸ¤£ğŸ¥°ğŸ¥°ğŸ¥° gemes,akayy gemes
haii,haii
HEH ITU S PIRANG NGAPAIN TAP TAP CUSHION ğŸ˜­,heh pirang ngapain tap tap cushion
â€œwahhh duhâ€¦â€ğŸ˜­,wahhh duh
Kaya adek kakağŸ˜­,kaya adek kaka
haii mayi,haii mayi
"pasti shade lu berubah""kan til",pasti shade lu berubahkan til
wahhduhhhğŸ˜­ğŸ˜­ğŸ˜­,wahhduhhh
first,first
kamari lucuuuuu bangatttttttttt,kamari lucuuuuu bangatttttttttt
cushion nya di bioku no 1ğŸ¥°ğŸ¥°q,cushion nya bioku no
"kamari : semoga gue dipantai ga gosong ya Jen
ğŸ—¿",kamari semoga gue dipantai gosong jen
,nan
mayiiii,mayiiii
knp kamari sekarang kerja jadi MUA ğŸ˜©,knp kamari sekarang kerja mua
lucu bgttt mayiğŸ˜­ğŸ«°,lucu bgttt mayi
mayi ucul bgt sii aplgi poni croptopnya ğŸ¥°,mayi ucul sii aplgi poni croptopnya
"lucu bgt, poninya miringggg ğŸ˜­ğŸ¤ğŸ¼",lucu poninya miringggg
mama mayi semakin berisi semakin cantik ğŸ¥°,mama mayi semakin berisi semakin cantik
"Till, lu bukan kerabat gw, tapi gw rela bela in lu dan debat sama netizen tillğŸ˜­ğŸ™, se sayang itu gw sama lu and opkors KAMARIIğŸ¥°",till lu bukan kerabat gw tapi gw rela bela in lu debat sama netizen till se sayang gw sama lu and opkors kamarii
beda shade mar beli yang 00 marr,beda shade mar marr
jen anj poni nya yallahğŸ˜­,jen poni nya yallah
mayi gemesss ğŸ¥°,mayi gemesss
@rehanaangelita: si blonde makin lucu aja sikğŸ˜­ğŸ˜­â¤ï¸â¤ï¸â¤ï¸â¤,rehanaangelita si blonde makin lucu sik
"poni crop nya belom numbuh""ğŸ˜­ğŸ˜©",poni crop nya belom numbuh
woyy kenapa poni kamariiiğŸ˜­ğŸ˜­,woyy kenapa poni kamariii
kamari ngambil muka bapak nya ketimbang emaknya,kamari ngambil muka bapak nya ketimbang emaknya
ga kerasa udah gedeee mayiiiiiğŸ˜ğŸ˜ğŸ˜,kerasa gedeee mayiiiii
"""otey,mayi minta""",oteymayi minta
komennya pada menit semua jir ğŸ˜­,komennya menit semua jir
ihh gemas bgtt mayi udah besarğŸ¥¹,ihh gemas bgtt mayi besar
bayikkk ikut campurr bngttt dah ğŸ˜©ğŸ«µğŸ˜­â¤,bayikkk ikut campurr bngttt dah
JENN KENAPA LUU MAKIN HARI MAKIN GLOWING!!,jenn kenapa luu makin hari makin glowing
cushion nya di bioku no 1ğŸ¥°v,cushion nya bioku no
poni nya gakuatğŸ˜­,poni nya gakuat
poni nyaağŸ˜­ğŸ˜­ğŸ˜­,poni nyaa
mayiiiiiiiiiğŸ¥°,mayiiiiiiiii
"""mi pinta""ğŸ˜­ ğŸ¤",mi pinta
"""mayi minta"" ğŸ«´",mayi minta
lucu bgt si mayi,lucu si mayi
Gemesnya oiii mayiiiiğŸ˜«ğŸ¥°ğŸ¥°ğŸ¥°,gemesnya oiii mayiiii
poni lu marrrrrğŸ˜­,poni lu marrrrr
ihh mayi udah gedeğŸ¥¹ğŸ¤,ihh mayi gede
baru sadar mayi poninya miringğŸ˜‚,baru sadar mayi poninya miring
"kamu sebenarnya putih banget ya till, tapii kamu kalau tanskin lebih menyala auranya ğŸ¤ğŸ¤",sebenarnya putih till tapii kalau tanskin lebih menyala auranya
itu pengasuhnya kamari yang dulu kemana sih kalo boleh tau?udah jarang keliatan,pengasuhnya kamari dulu kemana kalo boleh tauudah jarang keliatan
gemess bangett mayiiiğŸ¥°ğŸ¥°,gemess bangett mayiii
"""Mayi tantik"" ğŸ˜«ğŸ˜«",mayi tantik
mayikkk ko kmu lucu bgtttğŸ˜­ğŸŒ¹,mayikkk ko kmu lucu bgttt
Mak mintak kata si blondeğŸ˜­,mak mintak kata si blonde
mayii,mayii
sibuk bngt kya nya yg kanan,sibuk bngt kya nya kanan
"gemes bgt ""mayi minta""ğŸ˜­",gemes mayi minta
dmnpun berada mayi sll nyanyiğŸ˜‚riang sll kamu mayiğŸ˜‚ğŸ¥°,dmnpun berada mayi sll nyanyiriang sll mayi
"""Mayi minta"" hhh mayi mayi cute bangetğŸ˜‚ğŸ« ",mayi minta hhh mayi mayi cute
cushion nya di bioku no 1ğŸ¥°q,cushion nya bioku no
pakek cushion apa kak??,pakek cushion apa kak
â€œMayi cantik kan?â€ ğŸ¥ºğŸ¥ºğŸ¥º,mayi cantik
"jen, kedepannya kamari bakal diajarin bahasa belanda gak jennn.",jen kedepannya kamari bakal diajarin bahasa belanda jennn
mayiii â¤,mayiii
Im here always for mayiğŸ¥°,im here always for mayi
"""mayi mauu"" lucuuu bgttt ğŸ¥¹ğŸ¤ğŸ¤ğŸ»",mayi mauu lucuuu bgttt
mayi lucukkk bangetğŸ˜£ğŸ’—,mayi lucukkk
kamari; aku cantik kanğŸ˜š,kamari cantik
"""yang mungkin anda kenal""",mungkin anda kenal
masih sunyiğŸ˜,masih sunyi
MAYIIIIğŸ˜­ğŸ¤ğŸ»,mayiiii
iyaa nak mayi cantik kok,nak mayi cantik kok
lucu ni blondeğŸ˜­â¤,lucu ni blonde
"kak ijin mau nanya itu cushionnya kok lebih gelap dari warna kulit kk ya??
ijin tanya ya kak",kak ijin mau nanya cushionnya kok lebih gelap warna kulit kk ijin tanya kak
ko udah gede si dia ih,ko gede si ih
ih aku PERTAMA,ih pertama
"""okeyy mayii mintaa""ğŸ˜–",okeyy mayii mintaa
makin pinter aja mayiiiğŸ¥°,makin pinter mayiii
mayi yg secantik itu berkelahi dgn poni yg dipotong emak nya sembarangan ğŸ˜­ğŸ™,mayi secantik berkelahi dgn poni dipotong emak nya sembarangan
"â€œmayi cantik kan?â€ ah elaaahhh pke nnya sgla, cantik bngt lu yiii",mayi cantik ah elaaahhh pke nnya sgla cantik bngt lu yiii
"""mayi cantik kan"" ? yeess kamuu cantikkk bingit mayiii",mayi cantik yeess kamuu cantikkk bingit mayiii
"mayi lo udah cantik dan putih,ngk usah pake bedakğŸ¤ğŸ¥°",mayi lo cantik putihngk usah pake bedak
mayi mau ngedate ama sapaaa tuhhh?,mayi mau ngedate ama sapaaa tuhhh
til pasti seneng banget ya skrg kamari udh jelas banget ngomongnyağŸ¥º,til pasti seneng skrg kamari jelas ngomongnya
cushion nya di bioku no 1ğŸ¥°ğŸ¥°z,cushion nya bioku no
first ni mamayi,first ni mamayi
"""mayi minta"" ğŸ¤ğŸ¤",mayi minta
kak itu poni kamari dipotong sendiri kah?ğŸ˜‚,kak poni kamari dipotong sendiri kah
kayak ny nanti kamari jadi muağŸ˜ŠğŸ˜ŠğŸ˜­,kayak ny nanti kamari mua
p,
"woyyyy Kamari imut kali Lo kau dekkğŸ¥°ğŸ˜­ MasyaAllah tabarakallah, sehat dan makin pintar ya Kamari",woyyyy kamari imut kali lo kau dekk masyaallah tabarakallah sehat makin pintar kamari
bikinin Kamari vlog sendiri ğŸ˜˜,bikinin kamari vlog sendiri
Jen minjem kamari mau ajak main sih ğŸ˜„,jen minjem kamari mau ajak main
pertama?,pertama
hay kamariğŸ¥°ğŸ¥°,hay kamari
mayiiiikğŸ¤ğŸ»,mayiiiik
lucu banget kamariğŸ¤ğŸ¤,lucu kamari
"hello kamari, aku fans kamu loh",hello kamari fans
ğŸ˜‚ğŸ˜‚ğŸ˜‚ğŸ˜‚Kamari,kamari
till percumaa ngejelasin kitaa perhatian nyaa ke si pirangğŸ˜Œ,till percumaa ngejelasin kitaa perhatian nyaa si pirang
"""03 wehhh""",wehhh
kamari tuh jessivard versi sachet,kamari tuh jessivard versi sachet
plis poni nyaağŸ˜‚ğŸ˜­,plis poni nyaa
Gakuat mayiiiiğŸ˜†ğŸ˜†ğŸ˜†ğŸ¤ğŸ¤ğŸ¤,gakuat mayiiii
bocil lucu.bingit,bocil lucubingit
mayiğŸ˜­ğŸ˜­,mayi
lucu banget ğŸ¤ğŸ¤ kamari,lucu kamari
mayiiii gumushhh amatğŸ˜ğŸ˜,mayiiii gumushhh amat
timephoria,timephoria
adikkk gorjessğŸ’•ğŸ’•ğŸ’•,adikkk gorjess
adek gemes banget sihhhğŸ¥°,adek gemes sihhh
cushionnya ada dibio ku no 1ğŸ¥°ğŸ¥°j,cushionnya dibio ku no
cushion nya di bioku no 1ğŸ¥°ğŸ¥°r,cushion nya bioku no
Pertama tip dapat kamari kanğŸ˜‚ğŸ˜‚ğŸ˜‚,pertama tip dapat kamari
mayi makin pinterr ajaa luuğŸ˜­,mayi makin pinterr ajaa luu
Spill bajunya jen,spill bajunya jen
lucu nya kamariğŸ¥°,lucu nya kamari
aaa lucuu bgt mayiiğŸ¥°,aaa lucuu mayii
Udah pinter ngomong kamari kawaii,pinter ngomong kamari kawaii
lucu banget mayi,lucu mayi
lucu bangeeeeeeeeeettt,lucu bangeeeeeeeeeettt
cntik,cntik
aku gabisa bahasa Inggris plissssğŸ˜­ğŸ˜­ğŸ˜­ğŸ™ğŸ™ğŸ™ğŸ˜‚,gabisa bahasa inggris plissss
lucu kamari,lucu kamari
masih dengan lagu cicak cicak di dinding nyağŸ˜‚,masih lagu cicak cicak dinding nya
mayiii kamu lucu bangetğŸ¥°ğŸ¥°,mayiii lucu
suka bnget liat mayi ngomong ğŸ¥°,suka bnget liat mayi ngomong
mamari mirip banget tau kayak mama nya angel diaz intermiami,mamari mirip tau kayak mama nya angel diaz intermiami
masih lucu banget si blonde,masih lucu si blonde
Salfok poni mayii,salfok poni mayii
ğŸ¥°ğŸ¥°ğŸ¥°ğŸ¥°ğŸ¥°Mayi lucu pol,mayi lucu pol
"lucu bgt ""mayi minta"" wwkwkwkwkw",lucu mayi minta wwkwkwkwkw
kemayu e Masya Allah kamari,kemayu masya allah kamari
Kamari Be dest ğŸ‘ğŸ»,kamari be dest
mayi poninya siapa yg potong,mayi poninya siapa potong
gemesss bgt mayiâ£,gemesss mayi
mayiğŸ¥°love u,mayilove
"""mayi minta"" ğŸ˜‚ğŸ˜‚ğŸ˜‚",mayi minta
plis poni nya siapa yqng potonginğŸ˜­ğŸ˜­,plis poni nya siapa yqng potongin
"""mayiii mintaa"" ğŸ˜³",mayiii mintaa
Loveee iitt ğŸ¤ğŸ»ğŸ¤ğŸ»,loveee iitt
you and your little angel masya allah beautiful,you and your little angel masya allah beautiful
Hy gayssğŸ¤£ğŸ¤£ luccuu ğŸ˜,hy gayss luccuu
"""mayi cantik kan? ğŸ¥°ğŸ¥°ğŸ¥°""",mayi cantik
"""mayi cantik kan""ğŸ˜­",mayi cantik
lucuu nya mayiiiiiğŸ˜,lucuu nya mayiiiii
oh mayi dari barista ganti profesi ya jadi MUA,oh mayi barista ganti profesi mua
"""mama minta"" ğŸ¥¹",mama minta
Shade mu qm turunin ya jen?,shade mu qm turunin jen
till spill eyebrow nya,till spill eyebrow nya
"""pake bedak""ğŸ¤ğŸ»ğŸ¤ğŸ»",pake bedak
ehh sbrrr ituu prasaan poninya mkinn naik dehğŸ¤”,ehh sbrrr ituu prasaan poninya mkinn naik
Suka cara Jen. Bagi Mayi cuba segala. Libatkan Mayi dalam segala urusan. Good job mama ğŸ¥°,suka cara jen bagi mayi cuba segala libatkan mayi segala urusan good job mama
"gak bisa di like yağŸ¤£
æ‹:.Ì·ÌÌ…Í—Í‚Ì“ÌÍ’Ì•Ì¼Í‰ÌÌ—Ì–ÍÍ‡Ì¹.Ì¶Ì½ÌÌ•Ì—ÍšÍ–Ì¨Ì£Ì¥ÌªÍ•.Ì´Í ÍÍŒÌŒÍ˜Ì­Ì Ì³Ì˜Ì±Ì¼Í–Ì—.Ì¸Ì¿ÍÌ‹Ì‹Í‘ÌšÌˆÍŠÍŠÌ€ÍÌŠÌ®Í“Ì±Ì Í–ÌºÌºÌ»Ì¨Íš.Ì¶Ì€Ì‘Ì€ÌÌºÌ°Ì­Ì¼Ì¦Í–Ì»Ì±Ì£.Ì¸Í‘Í›Í†ÍƒÌ›Í™ÌŸÌ¼Í‡Í™ÍˆÌ¢.Ì·ÍŠÌ†Ì”Í‹ÌˆÌÌ“Í‹ÌƒÌšÍ’Ì‡Ì°ÍšÌ«Í™ÍÌ¥Ì§Ì±Í.Ì¶Ì„Í˜Ì†Í„ÍÍ‹Í‰Ì¹Ì—Íš.Ì·Í Ì‘Í„ÍŠÌÍ‘Í†Í€Ì¯Ì¹Ì»Ì«Í“Í‰Ì©.Ì¶Ì•ÌÌ–Ì˜Ì¡Ì¢.Ì´ÌŠÍŠÍÍ†Ì©ÌÍ“Ì°Ì­Ì—ÍÍÌ˜Ìº.Ì·Ì›Ì‡ÌšÍ‹Í’Í‰Í“Í‡Ì®Ì¥Ì¤Ì Ì§Ì£ÍœÌ.Ì·ÍÌ…Ì¿ÌšÍÌ†Ì‘Ì‰Í™Í”.ÌµÌ€Í‚ÍŒÍ€ÌšÍ€Ì‘Í’Ì½Ì›ÍƒÌ­Ì®Ì¼ÌœÍ•.Ì¶Ì½Í—Ì”ÌÍ€Í‚ÌƒÍ‘ÍÌ“ÍˆÌ§Í•Ì°Ì¼Ì©ÍÌºÌœÌ³.Ì·Í€ÌºÍ…Í™Ì¹Ì¼Ì–.Ì·Ì…ÍÍ—Í‘Ì’ÌÍ‘Í€ÍŒÌˆÍ†ÌÌ .Ì¸Í‘Ì„Ì©Í–ÍœÌ¯ÌªÍ…Ì¥.Ì¶ÍƒÍÌÌ©Ì«ÍÌ–Í“Ì¬Ì§Ì™Í‡Ì¨Í….ÌµÌ“Í’Ì¿Ì‹ÍŒÌ”Ì’Í‘Í„Ì“Ì¹Í–ÌŸÌ˜.ÌµÍ‚ÌŒÍ„Í˜ÍÌ€Ì½ÍÌ¦Ì¯Ì¡ÍœÌ™Ì–.ÌµÌ‘Ì€Í•Ì Ì°.Ì¶ÌÌ¾Í˜Í›Ì…Í‡Ì¹Ì ÌœÌ°ÌªÍ“ÍÌ±ÌÍšÌŸ.ÌµÌÌ‘Í‚Ì™Ì°Ì§Ì–Ì»ÍÌ¤ÌÍ‡.ÌµÌ•Í—Ì½ÌªÍ.Ì¶ÍÌ€Ì€Ì…Í Í˜Ì«Ì­ÍˆÍ™.Ì¸Í‘Ì¾Ì’ÍÌ„Í‚Ì†Ì•ÌˆÍ—Í›Í†Ì¼Ì©Í•Ì±Ì¡Ì°Í‰Ì.Ì´Ì•Ì¿ÌŠÍ€Í…ÍšÌ¢Í™Ì¦.Ì¶ÍÍ„ÌÍ›ÍƒÍ„Ì•ÌšÌ¾Ì›ÍÌ¼ÍÌ£Í‰Ì»Í…Ì²Í”.Ì¸Ì‰Ì”Ì“ÌÍ‚ÌŠÌÌ½ÌŠÌ’Ì…Ì±Ì¥Ì»Ì¨Í•Ì¦.Ì¶Ì’Ì„Ì‚Ì…Ì‰ÍŠÌ‘Ì€Ì¤Ì ÌÌ¦Ì™ÍˆÌ–Ì°Ì¹Ì¨Ì¡Í….Ì·Ì€Í—ÍÍŠÍ‹Ì“ÌÌ—Ì±ÍœÌ»Í…Í“Í”Ì­Ì¡Í•Í”.Ì¶Í›Í€Í‘Ì›ÍÌ…ÌÌ›ÌÌ”Ì’ÌÍ“ÌŸ.Ì¸Í‹Ì…ÍÌ¥Ì¢Ì¯Í”Ì«ÍœÌ­Í”.Ì·Í‘ÌÌ‘ÍÌ¡ÌªÌ«Ì¡Ì Ì§Ì¡Ì¯Ì˜Í…Ì«Ì¤.Ì·Ì‘Í‘Í˜ÍŒÍÍ.Ì´ÍÍ“.Ì´Í€Í’Í„Í‘ÍÌ’Ì›ÌŠÌ¢Ì¢Í“.Ì·Í„Ì¾Ì“ÍŠÌ•ÌÍÌ†Ì‹Ì¦Í”Í”Ì²Ì¼Ì­Í‡Ì°ÍÌ.Ì¸Ì‹ÌšÌƒÍ˜ÍƒÌ‰Ì•Í—ÌÌ¾ÌƒÌŒÌ¤Ì¢.ÌµÍ†Í‚ÌÌ¨Í“Ì¼ÍšÌ®.Ì´Ì•Ì€ÌÌ‘Ì©Í…Í•Ì¨ÌÍšÌ±Ì™Ì¹Ì¢Ì Ì.Ì¸ÌƒÍÍÍŒÌˆÍ†Ì«ÌºÌ¡ÌœÍ™.ÌµÌ¿Í’ÍÍ†ÌÍ’Í‘ÌˆÌ­Í•Í™Ì»ÍÍÍœÌÌ—.Ì´Í†Ì†ÌÍ„ÍÌ±Í–Ì¤Ì©ÍÍšÌ—Ì­Ì–Ì¨Ì¦.ÌµÌŒÍ‚Ì”Ì‡Ì¾ÍŠÍ„ÍÌ’Í’Ì‹Ì˜Ì°ÍœÌ¬Ì«Ì™Ì¤Í”Ì§Ì«Ì¥Ì±.Ì·Í†Ì½Í—ÌŒÌ³Í•Í“Ì²Ì­ÌºÍ“Í“.Ì¸Ì†Í‚Ì“ÌƒÌ…Ì‘Ì•Ì½Í ÌšÌÌÍ‡ÍˆÍœÍÍ‰Í“Í•Ì¢Ì¬Ì².ÌµÌÌ¥Ì¥Í™Í–Ì§Ì»Ì¢Í.Ì´ÌŒÌ’Í„Ì€ÍÍ—ÍÌÌ”ÍÍ€Ì“ÌœÌ–Ì³.Ì´ÌÍšÌ¯Í•.Ì¶Ì“ÌÌ‰ÌÌ›Í„Ì•ÌŠÌÌÌ°Ì™Ì«Ì¼Í‰Ì²ÍÍÌ¼Í•.ÌµÍÌˆÍÌ¾ÌÍ„Ì¢Ì–Ì˜Í–Ì¹Ìª.ÌµÌ‹ÌšÍŠÍ„Í Ì›ÌÍ‰ÌÌ³Í‰ÌªÍ•Ì¦Í–Ì¯Ì™Ì¼.ÌµÌÌ˜Ì™.Ì´Ì’ÍÌŸÌ­Ì—Ì«Í“ÌºÌ¼Ì§.Ì¸Í‘ÌŸÍÍ•.Ì¶Í—Ì›Ì”Ì¨Ì»Ì¬Ì±Ì»Ì§Ì–.Ì¸ÌÌ…ÌŠÌÍ„Í‚Í‚Í—Ì¾ÌÌ¢Ì¬Ì°Ì°Í‡Í…Í”Ì.Ì´Í Ì»Ì³Ì–Ì¦Í‡Ì¦Ì¼Ì£Ì³ÌœÌÌª.ÌµÍ„Í’Í‚ÍÌ¾ÌŒÌ•Í†Ì„Ì‘Ì°Ì¨Ì³Í.ÌµÍŠÌ‰ÍÌ¾Ì›Ì½Í€Í…Ì¯Í‡ÍšÌ°Ì¡ÍœÌ¬Ì°.Ì¸Ì‰ÍÌ”Í ÍÌ”Ì‰ÌŒÌÍ†ÍŠÌ£Ì³Ì©Ì°Ì¢ÌÌ°Ì³Ì¼.Ì¶Ì€ÌŠÍ‘ÍƒÌÍÍ‚Ì”ÍÌ‡Ì£Í…Ì Í‰ÍˆÌ™Ì¨Ì¯Ì¤Ì¤Ì–Ì–.ÌµÌˆÍÍ†Ì¾Ì‘ÌÌšÌ‡Í‘Í„ÌŠÍƒÌ£Ì±Ì±Ì°.Ì¶Ì„Í‹Ì„ÌÍ‹Í„Í’ÍÌªÌ®Ì¨Í•Ì®Ì§Ì§Ì™Ìœ.Ì´Ì‰Ì½Í ÌÌ…ÌŸ.Ì¶Í‚ÌšÌ…Í•ÌÌ¨ÍšÍ–Ì¡Í‰Ì˜Ì™Ì£Ì«Ì¤.ÌµÌÌ‚ÍŒÌÌ°Ì¼.Ì¶ÌŒÍ›Ì‚Í’ÍƒÍÌšÌ’Ì¤Ì™Ì ÌºÌŸÌ¢Í.Ì·Ì‰Ì½Í—Ì¹Í‡Ì˜ÌºÌºÌ¥Ì±ÌœÌ¡Ì.Ì¶Í†ÍÌ’ÍŒÍ€Ì¾ÌŒÍ›Ì¾ÌÍ˜Í‹Í“Ì²Ì±Í‡ÍÌ©Ì»Í.Ì·Ì‚Ì„Í†Í„Ì’Í€Íœ.Ì´Ì¾ÌÌ‰Ì‘Ì¿Í‹ÌŒÍÌ‰Ì“ÌÌ–ÌÌ³.Ì´Ì‚Ì½Ì’ÌÍ™Í–Ì—Ì˜Ì²Ì¤Í–.Ì·Ì•Í‘ÍÌÌ«Ì©ÍšÍ–Ì¬Ì¬Ì²Ì¹.Ì·Í„ÌÌ‹Ì­Í•Ì™Ì¢Ì¬Ì¡Ì¡ÍœÌÌ±Ì­Ì§.Ì¸ÌŒÌ¾Ì›Í Í„Ì”Ì‹ÍŒÍ‚Ì…Ì¬Ì³Í™Í”.Ì¶ÌÍ„ÌÍ€ÌÍ‡Ì–Íœ.Ì·Ì‰Ì‹Í˜ÌÍ‹Í Í€Ì†Í†Ì“Ì—Ì¹Í….Ì¶Í›Ì“Ì’ÍŒÍÍŒÍ€Ì“ÌÌ‘ÌÌÌ¨Ì©ÍšÌªÌ ÌºÍ–Ì¬.Ì¸ÍÌ¾Ì”Í‘ÍƒÍ˜ÍƒÌ”ÌŠÌ’Í„Ì¤Í‰Ì—Ì¬Í™ÍšÍ“Ì­Ì°ÌÌ.Ì¸Í’Íš.Ì·Ì‰Í†Ì¿Ì¾ÌÍÌ”ÍÍ“ÍœÌ²ÍˆÌ™Ì±Í…Ì§.ÌµÌÌÌ”Í Ì¿Ì†Ì‚ÌƒÍ“Ì©ÌºÌ¨Ì¬Ì Í‡Ì£.Ì¸ÍƒÍŒÌ†ÌÍ˜Ì„Ì‡Ì„Ì¾ÌŠÌŠÌƒÍ–Ì¦Ì».Ì´ÍÍÌˆÌ¦Í‡Ì¹Ì—Ì¦Ì¢Ì²Ì¡.Ì¸Í€Ì‹Ì€Í†Ì“ÍŒÌ†ÌˆÍ‡Í“Ì«ÍœÍœÌ–ÌœÌ.ÌµÍ‘Í›ÌÌ“ÌˆÍ„Ì¬Í“.Ì´ÍŠÌ‹Ì‰Í ÌŠÌ‹ÍÌÌÌ£ÍÌ¦ÍšÌ¢Í‡Ì˜Í‰Ì˜.Ì´Ì€Ì„Ì†Ì“Ì”Í—ÍŠÍ‹Ì›Ì†Ì¹Í”Ì—Ì£Ì±.Ì¶Í’Ì®Ì¥Í”Ì¹Ì«Ì§Í.Ì·Ì’Ì„ÌƒÌ…Í‹Í€ÌÌ‡ÍŠÌ¡Ì¡ÍœÌœ.ÌµÌÌ„ÌÌ‡ÍƒÌœÌœ.Ì¶Ì„Í˜ÌÍÍƒÌ”Í•.Ì¶ÍÌÌ¹Ì¹.Ì¸Í Ì¥Ì¡.Ì¸ÌÍƒÍ•Í–Ì¡Ì«Ì¹Ì§.Ì·Ì„ÌÍ„Ì‡Í ÍÌ„ÍÍŠÌÍÍˆÌ²ÍÍÌ¯Ì®ÍÌ™Í‰Ì³Íœ.Ì·Ì”Ì€Ì”Ì‘Ì¡ÌÌ³Í”Ì¯ÍÌ¼Ì¦ÌªÍ”Ì Ì£.Ì´ÍŒÌ‡Í›ÌƒÌ‚Í”Ì¼.Ì¶Ì›Ì”ÍÍ Í˜ÌÍÌ½Í”ÍˆÍ–Ì¼Í‰.Ì¶Ì‹ÌœÌ–ÍˆÌ±Í…ÍšÌ Ìº.Ì¸Ì‚ÌˆÌœÌ˜Ì¯Ì°ÍÌ¢Ì¡Ì§Ì˜.Ì´ÌŒÍŒÌ…Ì›Í„Ì‚ÌšÍŒÍ„ÍœÌ¬ÌŸÍ‰.Ì¶Í’Í˜Ì‘ÌƒÌ…Ì¿ÌšÌÌ .ÌµÍ„Í”Ì–Í•Ì™Ì®.ÌµÌ†Ì½ÍˆÌ³.Ì´Ì•Ì…Ì‡Í„ÌˆÌÍ’ÍÌÍƒÌŠÍˆ.ÌµÌ†Í‘Ì€ÌÌ¾ÌÍ‚Ì‰Ì”ÍŒÌÍ†Ì®ÌœÌ¬Í“Ì»Ì¨.Ì´ÌƒÍŠÌ‰Ì€Í Ì»Ì¬ÌœÌ¥ÌÌºÌ¥.Ì´ÍŠÌ”Í•ÍœÍ™Ì˜.Ì·Ì”Ì•Í€Í˜Í†ÌÌÌ°ÍšÍ…Í…Í•ÌŸÌ¡Í….Ì¶ÍÌ‰Ì”Ì³Ì¢ÍˆÍ‡Ì¼Í”Ì˜Í‡ÌÌ¯Ì®Ì¦.Ì´ÌƒÌšÌ¿ÍŒÍ‹Í—Ì’Ì¨Ì¯Í–Í‡ÍÌ¨.Ì¶ÌƒÌƒÍŒÌÌ”ÌÌ€Ì„Í›Í„Í‹Í.Ì¸Ì’ÌˆÌ†Ì›ÌˆÍ„ÍÌšÌ†Ì›Í†ÍÌ³Ì Ì§Ì£Í•Í•Í”Ì¦Ì®.Ì¶ÍƒÌ˜ÍÌ®Ì¥.Ì¶ÌÌŒÍŠÌ‚Ìº.Ì·Í€ÌŸ.Ì´Ì“ÌÍ ÍƒÌ‘Í‚ÌÌÍÍÍÌªÌ¥Ì§ÍÌœÌœÍœÌ ÌŸ.Ì¸Ì‚ÌÍ—ÍœÌ§Í•ÍœÌŸÌ–Ì³Ì²Ì¤Ì.Ì¸Í˜Ì‡Ì’ÌÌÌ³Ì¹Ì©Í…ÌœÌ§ÌŸ.Ì¶Ì„ÌŒÌ…Í”Ì°Ì¯Ì¥Í–Ì°Íš.Ì´ÌŒÍ‘ÌÍÍˆÌ©Ì˜.Ì´ÍÍ—Í ÌŠÌ‹ÍÌ‡ÍÌÌ±Ì˜Ì±Ì¹Ì³ÍÌ®Í‰.Ì¶Ì“Ì¥Ì§Ì¥Ì¢ÍˆÌœ.Ì¶ÌÍÍÌ¹ÍÌºÌ°ÌœÌŸÌ°Í“ÌœÌ±.Ì·Í‚Ì¿Ì©Í”ÌÍ•Ì«Ì±ÌÌ«ÌÌ¨.Ì¸Í‘Ì‚ÍŠÍÌ½Í Í„Ì‡Ì–Í–ÌŸÌ¹ÍÌ°ÌŸÌ²ÌŸÌ«.Ì¶Í˜ÌÍÌÍ‡Ì™.Ì¸ÌŠÌšÍ’Ì„Í’Í Ì„Ì¯Ì¥Ì¨Ì¯Ì³Ì¨Ìœ.Ì¶Í—Í Ì²ÌŸ.Ì´ÍÌ‘Ì‘Í‘Ì¿Ì”ÌÍÌ½Í”Ì«Ì¦.Ì¶Ì„Ì‘Í€ÌÌ Í…Í”ÍšÌ®ÌºÍ™ÌÌ«Í…Ì™.ÌµÍ†ÌÌ™Ì¼Ì¢Í“Í–Ì»Í–Ì¹ÌÍœÌ¯Ì¡.ÌµÍ’ÌÌˆÌÌ“Ì‹Í€Í—Ì¹Ì˜Ì¢Í….Ì¸ÌŠÌ‹Ì‹Í˜ÌŠÍ—Ì‹Í†Í Ì‘ÍŠÌ—Í•Ì­Ì¬Ì²Í™Ì¡Ì™Ì­Ì©.Ì´Ì€ÍŠÍÌÍ—Í’Ì»Ì¬Ì¥ÍšÌ¦Í….Ì·Ì„Í‹ÌÍ‹right.Ì´ÍÍ—Ì‹ÌÍ“Í‰Í”Í“ÍœÌ¢Ì—Ì¦Ì¬.",bisa like right
siapa yang motong poni kamari ko agak miring dikitğŸ¤”,siapa motong poni kamari ko agak miring dikit
mau pinjam mayi bole ga kağŸ˜Œ,mau pinjam mayi bole ka
doi poni miring aja cakeppp bgt yakğŸ˜­ğŸ˜­,doi poni miring cakeppp yak
'mayi mintaa' lucu bgtt adekkkkğŸ˜­ğŸ¥°,mayi mintaa lucu bgtt adekkkk
kapan buka cabang chewy's di lampung jenğŸ«µ,kapan buka cabang chewys lampung jen
Love you kak jen dan mayiğŸ˜˜,love you kak jen mayi
marrrğŸ˜­,marrr
Poni crop topğŸ˜­,poni crop top
eh maaf ğŸ˜­ğŸ˜­ dri justin,maaf justin
BNTR LG KAMARI REBUT MEKAP MAMA NYAğŸ˜­,bntr kamari rebut mekap mama nya
poni nya masih croptop ğŸ˜­ğŸ¤ğŸ»,poni nya masih croptop
poni nya kapan tumbuh lagi mayi lama bgt dah perasaan tumbuh nya ğŸ¥²,poni nya kapan tumbuh lagi mayi lama dah perasaan tumbuh nya
,nan
ğŸ˜­ğŸ¤ğŸ»,
hi guyss,hi guyss
ğŸ˜­,
"maap jen, tp cantikan mayi ğŸ™ğŸ˜­",maap jen cantikan mayi
masih ngakak ama Poni croptop,masih ngakak ama poni croptop
vidionya kaya ngeblur ga sii apa punya aku doangğŸ˜­,vidionya kaya ngeblur sii apa punya doang
masih 14ğŸ˜­,masih
mayii: oh mai got bagus banget alis gw,mayii oh mai got bagus alis gw
ğŸ˜ğŸ¤­,
poninya kaya stuck disitu ihğŸ˜­,poninya kaya stuck disitu ih
Pertama bgt ini mayiiiiğŸ¥°,pertama mayiiii
sekarang udah berapa gais?,sekarang berapa
kabarin klo sudah ribuan,kabarin ribuan
Allo kamari,allo kamari
sekarang brp,sekarang brp
cakep til,cakep til
ğŸ¥°ğŸ¥°ğŸ¥°,
ğŸ˜ğŸ˜ğŸ˜,
@wingsLoon,wingsloon
ğŸ¥°ğŸ¥°ğŸ¥°,
ğŸ˜ğŸ˜ğŸ˜,
ğŸ’‹ğŸ’‹ğŸ’‹,
ğŸ¥°ğŸ¥°ğŸ¥°,
ğŸ˜¢,
ğŸ˜ğŸ˜ğŸ˜,
ğŸ˜…,
ğŸ˜,
ğŸ˜,
ğŸ˜Š,
ğŸ˜‚ğŸ˜‚ğŸ˜‚,
ğŸ˜,
ğŸ˜­,
ğŸ˜­,
jennn kamu cntik baungetttttttt ğŸ˜»ğŸ˜»ğŸ˜»ğŸ˜»ğŸ˜»,jennn cntik baungetttttttt
masyallah mayi,masyallah mayi
kamariğŸ¥°ğŸ¥°,kamari
adik yang blonde lucu banget cemongâ€™ğŸ¥¹ğŸ«°ğŸ» yang rambut item yang ngedumel terserahğŸ˜—,adik blonde lucu cemong rambut item ngedumel terserah
mayiiiiâ¤,mayiiii
Lah lama-lama mirip indahkus ğŸ˜…,lamalama mirip indahkus
masih sepii guys,masih sepii
centill bangett adekkkkk,centill bangett adekkkkk
cepet banget gedenyağŸ˜­,cepet gedenya
dia putih tapi bedakannya malah suka yg coklat tanskin,putih tapi bedakannya malah suka coklat tanskin
jen pinjem mayi 1 bulan ajağŸ«´,jen pinjem mayi bulan
"sehat selalu til, tolong itu kamari bisa di pinjem selamanya ga? ğŸ˜‚âœŒğŸ»",sehat selalu til tolong kamari bisa pinjem selamanya
kyuttt bgt kamayi,kyuttt kamayi
saingan bedak sejak kecil . sama mayiğŸ˜,saingan bedak sejak kecil sama mayi
kepencet ya,kepencet
ihh smpk sni kamuuğŸ˜‚,ihh smpk sni kamuu
ğŸ˜­ğŸ˜­ğŸ˜­ğŸ˜­,
*mayi cantikkan*?,mayi cantikkan
lucu poninya crop bngtğŸ˜­,lucu poninya crop bngt
mayi mintağŸ¤ğŸ»ğŸ˜»ğŸ˜»ğŸ˜»ğŸ˜»,mayi minta
poninya menanjak ğŸ˜Œ,poninya menanjak
ponimu ngga nahan marğŸ˜­,ponimu nahan mar
Mayi jagan besar dluğŸ˜­ tetap bayi aja,mayi jagan besar dlu tetap bayi
bayyikkk lucu banget ğŸ˜ğŸ¥°,bayyikkk lucu
halooo kamariiiğŸ¥°,halooo kamariii
mayiiii acuuuu,mayiiii acuuuu
girls,girls
udh gede aja mayi bsk lgsg wisuda aja ya,gede mayi bsk lgsg wisuda
"""mayi mintak""",mayi mintak
â€œmayi mintakâ€ wkwkwkkw,mayi mintak wkwkwkkw
mayi udh siap jadi MUA di belanda,mayi siap mua belanda
Kenapa sihhh lucu bangettğŸ˜ğŸ˜,kenapa sihhh lucu bangett
"""mayi cantik"" cantik bgt kmu mah mayiiii ğŸ˜ğŸ¥°",mayi cantik cantik kmu mah mayiiii
MAYIIIğŸ˜­,mayiii
Gemes bgtt,gemes bgtt
"kulit lo kok bisa ya nge blan sempurna gtu til, bagus bngt sehat, orng"" mau putih lo mau sawo matangğŸ˜­",kulit lo kok bisa nge blan sempurna gtu til bagus bngt sehat orng mau putih lo mau sawo matang
gemeeezğŸ¥°ğŸ¥°,gemeeez
Lucuuuuk bgt adekkkk,lucuuuuk adekkkk
kamayiiii lucuuuu,kamayiiii lucuuuu
Siapa yang potong poninya ğŸ˜­,siapa potong poninya
comel kaliiâ¤â¤,comel kalii
mayi dan mamayi siap bersaing dapetin jusağŸ˜­,mayi mamayi siap bersaing dapetin jusa
ayo sebelum Ribuan ğŸ‘ğŸ»âœ¨,ayo sebelum ribuan
p,
kamari bayi online ku.. ğŸ¥°,kamari bayi online ku
sering buat konten gini bareng mayi dong ka jen ğŸ˜ğŸ˜ğŸ«µğŸ»,sering buat konten gini bareng mayi ka jen
mamari tulung pinjem mayi nya bentaran doang,mamari tulung pinjem mayi nya bentaran doang
lucu banget plissssğŸ¤ğŸ»ğŸ¤ğŸ»,lucu plissss
pertama,pertama
baru aku perasan muka mayi mirip muka Jen,baru perasan muka mayi mirip muka jen
hayy,hayy
"jenn tolong klarifikasi,tu poni mayi siapa yg motongğŸ˜©ğŸ˜©",jenn tolong klarifikasitu poni mayi siapa motong
eh mayi kok ude gede aje lauğŸ˜‚,mayi kok ude gede aje lau
cushion nya merk apa ya?,cushion nya merk apa
Kembalikan mayi yang dulu nggağŸ«µ,kembalikan mayi dulu
auuuu makin lucuâ¤ğŸ¥°,auuuu makin lucu
ğŸŒ¹,
ğŸ¥°,
ğŸ¥°,
ğŸ˜ŠğŸ˜ŠğŸ˜Š,
ğŸ˜‚,
ğŸ’ªğŸ’ªğŸ’ª,
ğŸ˜,
ğŸ¤©,
ğŸ™‚,
ğŸ˜³,
ğŸ˜,
ğŸ˜,
ğŸ˜…,
ğŸ¥°,
ğŸ˜,
ğŸ¤©,
ğŸ˜Œ,
ğŸ¥°,
ğŸ˜­,
ğŸ˜Š,
ğŸ™,
ğŸ¥°,
ğŸ˜,
ğŸ˜,
ğŸ˜‚,
ğŸ˜­,
ğŸ˜‚,
â¤,
ğŸ¥°ğŸ¥°ğŸ¥°,
ğŸ˜³,
Tadi malam mimpi berenang smaa mayiğŸ˜­,tadi malam mimpi berenang smaa mayi
ğŸ¥°,
ğŸ˜,
mamanyi mirip Lisa blackpink,mamanyi mirip lisa blackpink
ğŸ¤­,
ğŸ˜,
ğŸ˜,
ğŸ˜,
ğŸ˜‚,
ğŸ¤­,
ğŸ˜­,
ğŸ¥°,
mayiiiii micuuuu,mayiiiii micuuuu
ğŸ˜,
ğŸ˜­,
dia nyanyi lagu apa till,nyanyi lagu apa till
poni crop top nya lama bgt tumbuhnya til ğŸ˜­ğŸ¤£,poni crop top nya lama tumbuhnya til
skrng berpaa,skrng berpaa
Putih juga lu til,putih lu til
mayi cantik nggağŸ¥¹ğŸ¥¹,mayi cantik
centilnya blondee,centilnya blondee
kameranya geseran dikit dong Jen,kameranya geseran dikit jen
mayiii poni nya crop topğŸ¤ğŸ»,mayiii poni nya crop top
MUAnya masih pake pempresğŸ˜‹,muanya masih pake pempres
Jen saingan lu bkn cwe laen lg tpi anklu dewek wkwk,jen saingan lu bkn cwe laen tpi anklu dewek
pantasan Jen nggak gampang stres Krn Neti org dia ada pawang di buleğŸ¥¹,pantasan jen gampang stres krn neti org pawang bule
Mamari cakep bgttğŸ˜­ğŸ˜­,mamari cakep bgtt
lucuuuuuuu bangettttt adik gwwwwwğŸ¤­ğŸ˜˜ğŸ˜˜ğŸ˜˜ğŸ˜˜,lucuuuuuuu bangettttt adik
poni mayi bergelombang ğŸ˜­,poni mayi bergelombang
gemessâ˜ºâ˜º banget ğŸ¥°ğŸ¥°,gemess
"mayi sayang,ciapa cih yg potong poninya? pendek cekalii poninya tp mayi ttp lucu kok â˜º",mayi sayangciapa cih potong poninya pendek cekalii poninya mayi ttp lucu kok
ih mayo udh gde?ğŸ˜­ğŸ˜­,ih mayo gde
beneran timephoria sebagus ituu pls!! ğŸ¤©,beneran timephoria sebagus ituu
"lucuu bangett""mayii mintakk""",lucuu bangettmayii mintakk
lucu bgt sehat terus ya mamari,lucu sehat terus mamari
lucu amay mayiiiiii,lucu amay mayiiiiii
cushion nya di bioku no 1ğŸ¥°u,cushion nya bioku no
ğŸ˜‚,
ğŸ˜­,
ğŸ¥°,
ğŸ˜ğŸ˜ğŸ˜,
ğŸ’ƒ,
ğŸ¤­,
ğŸ¥°,
ğŸ˜‚,
adekk gemesh banettğŸ˜­ğŸ¤,adekk gemesh banett
mayi per kilo berapasaihhh mau CO ğŸ˜­,mayi per kilo berapasaihhh mau co
"udah kan jen,mayi?skrg mana cowo tinggi besar pemain bola ituğŸ«´ğŸ»",jenmayiskrg mana cowo tinggi besar pemain bola
ğŸ˜³ğŸ˜³ğŸ˜³,
ğŸ¥°,
ğŸ˜‚,
â¤,
ğŸ˜³,
ğŸ˜,
mayi mitakğŸ˜­,mayi mitak
ğŸ˜˜,
ğŸ˜”,
Itu kapn sih poninya mari panjang ğŸ˜­,kapn poninya mari panjang
ğŸ˜‚,
ğŸ˜‹,
â˜º,
ğŸ˜‚ğŸ˜‚ğŸ˜‚,
ğŸ˜”,
ğŸ’“,
ğŸ˜€ğŸ˜€ğŸ˜€,
ğŸ˜,
ğŸ¤­,
ğŸ¥°,
ğŸ’•ğŸ’•ğŸ’•,
ğŸ˜˜,
ğŸ˜‚,
ğŸ˜,
â˜º,
ğŸ¥°,
ğŸ˜­,
poni kamari mana woyy,poni kamari mana woyy
kamari yg sekarang bukan aku kenal dulu yg suka mukul mamah nya yg banyak tingkah nya,kamari sekarang bukan kenal dulu suka mukul mamah nya banyak tingkah nya
kamari pake Ciput merek apa ğŸ™ŒğŸ»,kamari pake ciput merek apa
lebih cakep anknya dri pada di sebelahnya,lebih cakep anknya sebelahnya
itu poni croptop kapan panjangnya deh til,poni croptop kapan panjangnya til
poni nya k tinggian ga si ğŸ˜”ğŸ˜”ğŸ˜”,poni nya tinggian si
ğŸ¥‡,
"""okey mau minta"" gemmas bgttğŸ˜­ğŸ˜­",mau minta gemmas bgtt
Poninya ihğŸ˜­,poninya ih
ğŸ˜ğŸ˜ğŸ˜ğŸ˜ğŸ˜,
ğŸ˜³,
ğŸ˜‚,
aw mayiğŸ˜š,aw mayi
â¤,
ğŸ¥°,
ğŸ˜,
ğŸ‘ğŸ‘ğŸ‘,
ğŸ˜…,
mama kamari pilih club apa madrid or barca,mama kamari pilih club apa madrid or barca
ğŸ¥°ğŸ¥°ğŸ¥°ğŸ¥°,
ğŸ¥°ğŸ¥°ğŸ¥°,
"pinter banget , MashaAllah mayiiiiğŸ¥º",pinter mashaallah mayiiii
ğŸ˜­ dahlah.. cpek,dahlah cpek
ğŸ˜,
ğŸ¤£,
ğŸ¥°,
ğŸ¥°ğŸ¥°ğŸ¥°,
ğŸ¥°ğŸ¥°ğŸ¥°,
ğŸ¤­,
ğŸ˜‚,
ğŸ˜”,
ğŸ˜‚,
ğŸ˜­,
ğŸ˜ğŸ˜ğŸ˜,
ğŸ˜¬,
=,
ğŸ˜‚,
ğŸ˜œ,
ğŸ˜‚,
ğŸ˜,
ğŸ˜˜,
ğŸ¥°,
ğŸ¥°,
ğŸ˜«,
ğŸ˜ğŸ˜ğŸ˜,
â¤ï¸â¤ï¸â¤,
â¤â¤â¤,
ğŸ¤­ğŸ¤­ğŸ¤­,
"tibaa"" bgttt nyanyiiiğŸ˜­
lucuuuu bgttttt mayiiiiiiiğŸ¤ğŸ¼ğŸ‘§ğŸ¼",tibaa bgttt nyanyiii lucuuuu bgttttt mayiiiiiii
ğŸ¥°,
ğŸ¥°,
ğŸ¥º,
ğŸ™,
ğŸ˜‚,
ğŸ¥°,
â¤ï¸â¤ï¸â¤,
ğŸ˜‚,
ğŸ˜­,
ğŸ™ğŸ»ğŸ™ğŸ»ğŸ™ğŸ»,
ğŸ¥°,
ğŸ˜…,
MasyaAllahğŸ¥°,masyaallah
ğŸ˜Œ,
ğŸ˜©,
ğŸ¥°,
ğŸ˜‚,
ğŸ˜­ğŸ˜­ğŸ˜­,
bayii makin lucu dahğŸ˜­ğŸ’—ğŸ’—,bayii makin lucu dah
hahaa imutt bangett blondeeeğŸ¤­,hahaa imutt bangett blondeee
"till, yg potong poni nya lemari siape sih?ğŸ˜­",till potong poni nya lemari siape
Emeshhhhâ¤,emeshhhh
mayiii gemeees iihğŸ¥°ğŸ¥°,mayiii gemeees iih
Aduh gemes mayiiiğŸ˜˜ğŸ¥°,aduh gemes mayiii
"""mayi cntik kan"" ihhh cuuuu bgttt adekkkkğŸ¤ŒğŸ¥°",mayi cntik ihhh cuuuu bgttt adekkkk
"""mayi cantik kan"" duuuh Dee kamu gemes bangeet makin pinterğŸ¥°",mayi cantik duuuh dee gemes bangeet makin pinter
mayi poni croptop ğŸ˜³,mayi poni croptop
"""Mayiii Mintakk"" Gemassssss bgtttt sehhhh mayiii",mayiii mintakk gemassssss bgtttt sehhhh mayiii
mayi ğŸ˜­ğŸ˜­ğŸ˜­,mayi
Mayi dengan poni croptop nya ğŸ˜‚,mayi poni croptop nya
MaayiiiiiğŸ¥°ğŸ¥°ğŸ¥°,maayiiiii
kapan poni crop mayi numbuh ya?? ğŸ˜,kapan poni crop mayi numbuh
Adekkkk ğŸ˜­ğŸ’— udah pada gede ajaaaa,adekkkk gede ajaaaa
â€œHai gaysâ€,hai gays
poni nyğŸ˜­,poni ny
ğŸ˜­,
ğŸ˜„,
ğŸ¥°,
ğŸ˜‚,
ğŸ¥°,
ğŸ˜…,
ğŸ¥°,
ğŸ¥°,
ğŸ˜­,
ğŸ˜,
â¤,
kamati udah tau putih masih aja pake bedak,kamati tau putih masih pake bedak
ğŸ”¥ğŸ”¥ğŸ”¥,
yang motong poniii sapaaa siii ğŸ˜­ğŸ˜­ğŸ¤£mereng tapi lucukkkkkkkkkkkk,motong poniii sapaaa siii mereng tapi lucukkkkkkkkkkkk
ğŸ¥°,
ğŸ™,
ğŸ˜…,
ğŸ˜‚,
ğŸ¤£ğŸ¤£ğŸ¤£,
ğŸ˜‡,
ğŸ˜,
ğŸ™,
ğŸ˜,
ğŸ¤£ğŸ¤£ğŸ¤£,
ğŸ¥°,
mayi:day 1 mua,mayiday mua
âœ¨,
â¤,
ğŸ˜,
lucu bgtğŸ˜­â¤,lucu
ğŸ˜­,
ğŸ˜‚,
bare face nya cantik bgt mamari ğŸ¥°,bare face nya cantik mamari
mayi ko udah gede sikkğŸ¤ğŸ»ğŸ¤ğŸ»ğŸ˜­ udah bisa mikap lucuuuğŸ¤ğŸ»ğŸ¤ğŸ»ğŸ’ğŸ’,mayi ko gede sikk bisa mikap lucuuu
